Company,Sentiment,Price,Date,Decision
AAPL,positive,22.299873440242987,2025-01-16T17:44:27Z,buy
AAPL,positive,22.299873440242987,2025-02-03T22:26:26Z,buy
AAPL,positive,22.299873440242987,2025-01-23T17:41:05Z,buy
AAPL,positive,22.299873440242987,2025-01-28T12:05:03Z,buy
AAPL,positive,22.299873440242987,2025-01-31T15:00:07Z,buy
AAPL,negative,22.299873440242987,2025-01-27T16:28:53Z,sell
AAPL,positive,22.299873440242987,2025-01-13T19:12:13Z,buy
AAPL,neutral,22.299873440242987,2025-01-23T13:40:00Z,hold
AAPL,positive,22.299873440242987,2025-01-21T20:11:04Z,buy
AAPL,positive,22.299873440242987,2025-01-28T10:00:00Z,buy
AAPL,positive,22.299873440242987,2025-01-30T21:45:00Z,buy
AAPL,positive,22.299873440242987,2025-01-30T12:41:44Z,buy
AAPL,positive,22.299873440242987,2025-01-09T15:10:00Z,buy
AAPL,negative,22.299873440242987,2025-02-05T14:15:00Z,sell
AAPL,neutral,22.299873440242987,2025-01-30T21:35:24Z,hold
AAPL,positive,22.299873440242987,2025-02-05T14:30:00Z,buy
AAPL,positive,22.299873440242987,2025-02-06T13:22:51Z,buy
AAPL,positive,22.299873440242987,2025-02-07T17:23:00Z,buy
AAPL,positive,22.299873440242987,2025-01-10T10:00:00Z,buy
AAPL,negative,22.299873440242987,2025-01-28T18:51:04Z,sell
AAPL,negative,22.299873440242987,2025-01-14T07:22:34Z,sell
AAPL,negative,22.299873440242987,2025-01-21T17:05:18Z,sell
AAPL,negative,22.299873440242987,2025-01-08T19:24:45Z,sell
AAPL,positive,22.299873440242987,2025-01-30T19:49:00Z,buy
AAPL,positive,22.299873440242987,2025-01-13T16:21:18Z,buy
AAPL,positive,22.299873440242987,2025-01-17T15:24:00Z,buy
AAPL,negative,22.299873440242987,2025-01-28T22:30:00Z,sell
AAPL,positive,22.299873440242987,2025-01-12T12:51:36Z,buy
AAPL,positive,22.299873440242987,2025-01-26T06:04:07Z,buy
AAPL,positive,22.299873440242987,2025-01-31T14:11:41Z,buy
AAPL,positive,22.299873440242987,2025-01-18T15:33:43Z,buy
AAPL,negative,22.299873440242987,2025-01-27T17:34:00Z,sell
AAPL,positive,22.299873440242987,2025-01-27T16:45:00Z,buy
AAPL,negative,22.299873440242987,2025-01-28T13:02:00Z,sell
AAPL,positive,22.299873440242987,2025-01-27T13:15:00Z,buy
AAPL,positive,22.299873440242987,2025-01-27T12:55:00Z,buy
AAPL,negative,22.299873440242987,2025-01-17T16:30:00Z,sell
AAPL,negative,22.299873440242987,2025-01-28T13:25:00Z,sell
AAPL,positive,22.299873440242987,2025-01-15T16:35:00Z,buy
AAPL,positive,22.299873440242987,2025-01-09T15:59:00Z,buy
AAPL,positive,22.299873440242987,2025-01-21T14:45:00Z,buy
AAPL,positive,22.299873440242987,2025-01-29T13:16:00Z,buy
AAPL,negative,22.299873440242987,2025-02-06T13:45:00Z,sell
AAPL,positive,22.299873440242987,2025-01-21T04:55:48Z,buy
AAPL,negative,22.299873440242987,2025-01-08T19:24:18Z,sell
AAPL,neutral,22.299873440242987,2025-01-17T13:46:21Z,hold
AAPL,positive,22.299873440242987,2025-02-02T11:40:20Z,buy
AAPL,positive,22.299873440242987,2025-01-23T19:54:10Z,buy
AAPL,negative,22.299873440242987,2025-01-29T01:46:11Z,sell
AAPL,negative,22.299873440242987,2025-01-21T19:40:49Z,sell
AAPL,negative,22.299873440242987,2025-01-14T19:05:50Z,sell
AAPL,positive,22.299873440242987,2025-01-26T12:00:00Z,buy
AAPL,positive,22.299873440242987,2025-01-09T21:19:52Z,buy
AAPL,positive,22.299873440242987,2025-01-29T14:14:56Z,buy
AAPL,positive,22.299873440242987,2025-02-02T12:14:57Z,buy
AAPL,negative,22.299873440242987,2025-01-30T21:15:54Z,sell
AAPL,positive,22.299873440242987,2025-01-10T11:21:53Z,buy
AAPL,positive,22.299873440242987,2025-01-13T12:49:06Z,buy
AAPL,positive,22.299873440242987,2025-01-19T12:14:48Z,buy
AAPL,positive,22.299873440242987,2025-01-25T08:52:09Z,buy
AAPL,negative,22.299873440242987,2025-01-31T17:41:00Z,sell
AAPL,negative,22.299873440242987,2025-01-30T22:09:38Z,sell
AAPL,positive,22.299873440242987,2025-01-20T15:46:31Z,buy
AAPL,positive,22.299873440242987,2025-01-18T23:52:27Z,buy
AAPL,negative,22.299873440242987,2025-02-01T01:10:58Z,sell
AAPL,positive,22.299873440242987,2025-01-12T12:00:00Z,buy
AAPL,positive,22.299873440242987,2025-01-09T10:00:00Z,buy
AAPL,negative,22.299873440242987,2025-01-27T17:15:00Z,sell
AAPL,negative,22.299873440242987,2025-01-19T04:39:08Z,sell
AAPL,neutral,22.299873440242987,2025-01-23T21:34:13Z,hold
AAPL,positive,22.299873440242987,2025-01-27T17:56:34Z,buy
AAPL,negative,22.299873440242987,2025-01-23T14:40:42Z,sell
AAPL,positive,22.299873440242987,2025-01-31T14:31:08Z,buy
AAPL,positive,22.299873440242987,2025-02-03T04:52:33Z,buy
AAPL,neutral,22.299873440242987,2025-01-15T08:19:08Z,hold
AAPL,positive,22.299873440242987,2025-01-28T21:37:20Z,buy
AAPL,neutral,22.299873440242987,2025-01-13T21:59:43Z,hold
AAPL,positive,22.299873440242987,2025-01-13T05:15:39Z,buy
AAPL,positive,22.299873440242987,2025-01-23T11:49:20Z,buy
AAPL,negative,22.299873440242987,2025-01-13T22:41:28Z,sell
AAPL,positive,22.299873440242987,2025-01-09T14:50:00Z,buy
AAPL,positive,22.299873440242987,2025-01-16T11:53:49Z,buy
AAPL,positive,22.299873440242987,2025-01-21T18:15:31Z,buy
AAPL,neutral,22.299873440242987,2025-01-08T20:55:32Z,hold
AAPL,positive,22.299873440242987,2025-01-22T07:17:36Z,buy
AAPL,neutral,22.299873440242987,2025-01-09T08:34:53Z,hold
AAPL,positive,22.299873440242987,2025-01-23T21:57:12Z,buy
AAPL,neutral,22.299873440242987,2025-01-30T03:01:41Z,hold
AAPL,neutral,22.299873440242987,2025-02-03T21:54:36Z,hold
AAPL,neutral,22.299873440242987,2025-02-07T00:06:45Z,hold
AAPL,neutral,22.299873440242987,2025-01-12T12:07:13Z,hold
AAPL,neutral,22.299873440242987,2025-01-16T21:56:42Z,hold
AAPL,positive,22.299873440242987,2025-02-06T08:15:54Z,buy
AAPL,neutral,22.299873440242987,2025-02-06T14:58:59Z,hold
AAPL,neutral,22.299873440242987,2025-01-16T12:09:05Z,hold
AAPL,neutral,22.299873440242987,2025-01-23T22:55:21Z,hold
AAPL,neutral,22.299873440242987,2025-01-27T22:17:33Z,hold
AAPL,neutral,22.299873440242987,2025-01-30T02:28:28Z,hold
AAPL,positive,22.299873440242987,2025-02-07T08:25:33Z,buy
AAPL,neutral,22.299873440242987,2025-01-09T07:52:58Z,hold
MSFT,positive,11.257133680917208,2025-01-22T06:00:00Z,buy
MSFT,positive,11.257133680917208,2025-01-19T00:00:28Z,buy
MSFT,negative,11.257133680917208,2025-02-03T10:32:58Z,sell
MSFT,positive,11.257133680917208,2025-02-05T22:35:00Z,buy
MSFT,negative,11.257133680917208,2025-02-07T17:41:21Z,sell
MSFT,positive,11.257133680917208,2025-01-16T13:34:41Z,buy
MSFT,negative,11.257133680917208,2025-01-27T16:28:53Z,sell
MSFT,negative,11.257133680917208,2025-01-28T19:49:00Z,sell
MSFT,negative,11.257133680917208,2025-01-27T10:00:00Z,sell
MSFT,positive,11.257133680917208,2025-01-15T21:20:00Z,buy
MSFT,negative,11.257133680917208,2025-01-29T21:19:00Z,sell
MSFT,positive,11.257133680917208,2025-01-27T18:53:00Z,buy
MSFT,positive,11.257133680917208,2025-01-29T13:16:00Z,buy
MSFT,negative,11.257133680917208,2025-01-27T10:00:00Z,sell
MSFT,neutral,11.257133680917208,2025-01-30T13:52:27Z,hold
MSFT,positive,11.257133680917208,2025-01-27T10:00:00Z,buy
MSFT,positive,11.257133680917208,2025-01-30T19:49:00Z,buy
MSFT,positive,11.257133680917208,2025-02-07T17:23:00Z,buy
MSFT,positive,11.257133680917208,2025-01-31T10:00:00Z,buy
MSFT,positive,11.257133680917208,2025-02-01T14:00:00Z,buy
MSFT,positive,11.257133680917208,2025-02-05T10:00:00Z,buy
MSFT,negative,11.257133680917208,2025-01-28T18:51:04Z,sell
MSFT,positive,11.257133680917208,2025-01-30T15:06:02Z,buy
MSFT,positive,11.257133680917208,2025-02-06T16:00:00Z,buy
MSFT,negative,11.257133680917208,2025-02-06T13:45:00Z,sell
MSFT,negative,11.257133680917208,2025-01-18T15:31:16Z,sell
MSFT,negative,11.257133680917208,2025-02-04T09:52:59Z,sell
MSFT,positive,11.257133680917208,2025-02-02T18:55:41Z,buy
MSFT,positive,11.257133680917208,2025-01-25T17:26:11Z,buy
MSFT,negative,11.257133680917208,2025-01-27T02:51:26Z,sell
MSFT,negative,11.257133680917208,2025-01-13T15:30:00Z,sell
MSFT,negative,11.257133680917208,2025-01-28T13:02:00Z,sell
MSFT,positive,11.257133680917208,2025-01-27T16:45:00Z,buy
MSFT,positive,11.257133680917208,2025-01-27T13:15:00Z,buy
MSFT,positive,11.257133680917208,2025-02-04T15:15:00Z,buy
MSFT,positive,11.257133680917208,2025-01-27T12:55:00Z,buy
MSFT,positive,11.257133680917208,2025-01-28T16:09:00Z,buy
MSFT,positive,11.257133680917208,2025-01-29T19:57:00Z,buy
MSFT,negative,11.257133680917208,2025-01-27T22:31:33Z,sell
MSFT,neutral,11.257133680917208,2025-01-28T16:53:53Z,hold
MSFT,negative,11.257133680917208,2025-01-08T19:24:18Z,sell
MSFT,positive,11.257133680917208,2025-01-08T11:29:54Z,buy
MSFT,negative,11.257133680917208,2025-01-22T15:16:20Z,sell
MSFT,positive,11.257133680917208,2025-01-23T07:29:27Z,buy
MSFT,positive,11.257133680917208,2025-01-25T08:38:42Z,buy
MSFT,negative,11.257133680917208,2025-01-24T22:21:32Z,sell
MSFT,negative,11.257133680917208,2025-01-29T05:32:55Z,sell
MSFT,positive,11.257133680917208,2025-01-26T12:00:00Z,buy
MSFT,positive,11.257133680917208,2025-01-08T14:17:59Z,buy
MSFT,positive,11.257133680917208,2025-01-12T14:45:22Z,buy
MSFT,negative,11.257133680917208,2025-01-24T18:54:33Z,sell
MSFT,positive,11.257133680917208,2025-01-19T17:22:52Z,buy
MSFT,positive,11.257133680917208,2025-02-01T09:52:13Z,buy
MSFT,positive,11.257133680917208,2025-02-04T04:26:46Z,buy
MSFT,positive,11.257133680917208,2025-01-10T22:06:30Z,buy
MSFT,positive,11.257133680917208,2025-01-23T19:50:46Z,buy
MSFT,positive,11.257133680917208,2025-01-10T11:23:46Z,buy
MSFT,positive,11.257133680917208,2025-01-28T18:57:00Z,buy
MSFT,negative,11.257133680917208,2025-01-08T18:01:31Z,sell
MSFT,positive,11.257133680917208,2025-02-02T12:04:16Z,buy
MSFT,positive,11.257133680917208,2025-01-31T17:06:25Z,buy
MSFT,negative,11.257133680917208,2025-01-09T14:25:00Z,sell
MSFT,negative,11.257133680917208,2025-01-31T17:41:00Z,sell
MSFT,negative,11.257133680917208,2025-01-27T13:29:00Z,sell
MSFT,negative,11.257133680917208,2025-02-05T14:15:00Z,sell
MSFT,negative,11.257133680917208,2025-01-22T16:00:00Z,sell
MSFT,positive,11.257133680917208,2025-01-22T13:22:00Z,buy
MSFT,neutral,11.257133680917208,2025-01-13T14:25:00Z,hold
MSFT,negative,11.257133680917208,2025-02-07T13:35:00Z,sell
MSFT,positive,11.257133680917208,2025-02-02T11:40:20Z,buy
MSFT,negative,11.257133680917208,2025-01-28T13:50:54Z,sell
MSFT,neutral,11.257133680917208,2025-01-30T14:12:21Z,hold
MSFT,positive,11.257133680917208,2025-01-12T12:00:00Z,buy
MSFT,neutral,11.257133680917208,2025-01-23T19:00:00Z,hold
MSFT,negative,11.257133680917208,2025-01-22T18:24:00Z,sell
MSFT,negative,11.257133680917208,2025-01-23T19:00:00Z,sell
MSFT,negative,11.257133680917208,2025-01-27T15:41:21Z,sell
MSFT,neutral,11.257133680917208,2025-01-23T21:34:13Z,hold
MSFT,positive,11.257133680917208,2025-01-27T17:56:34Z,buy
MSFT,positive,11.257133680917208,2025-01-10T15:32:23Z,buy
MSFT,negative,11.257133680917208,2025-01-16T15:46:20Z,sell
MSFT,positive,11.257133680917208,2025-01-24T14:00:00Z,buy
MSFT,positive,11.257133680917208,2025-01-15T15:47:33Z,buy
MSFT,neutral,11.257133680917208,2025-01-08T20:55:32Z,hold
MSFT,positive,11.257133680917208,2025-01-17T16:24:46Z,buy
MSFT,neutral,11.257133680917208,2025-01-24T19:12:01Z,hold
MSFT,negative,11.257133680917208,2025-02-07T00:45:56Z,sell
MSFT,positive,11.257133680917208,2025-01-29T12:15:14Z,buy
MSFT,positive,11.257133680917208,2025-01-30T12:22:36Z,buy
MSFT,positive,11.257133680917208,2025-01-29T01:46:29Z,buy
MSFT,positive,11.257133680917208,2025-01-29T13:00:47Z,buy
MSFT,negative,11.257133680917208,2025-02-06T13:41:48Z,sell
MSFT,positive,11.257133680917208,2025-01-28T16:53:53Z,buy
MSFT,positive,11.257133680917208,2025-01-28T13:00:44Z,buy
MSFT,positive,11.257133680917208,2025-01-28T00:35:42Z,buy
MSFT,neutral,11.257133680917208,2025-02-06T16:09:08Z,hold
MSFT,positive,11.257133680917208,2025-01-22T13:00:00Z,buy
MSFT,positive,11.257133680917208,2025-01-21T13:30:00Z,buy
MSFT,neutral,11.257133680917208,2025-01-30T14:07:48Z,hold
MSFT,positive,11.257133680917208,2025-01-19T12:00:00Z,buy
AMZN,negative,54.193399155486134,2025-02-07T17:41:21Z,sell
AMZN,negative,54.193399155486134,2025-02-04T10:00:02Z,sell
AMZN,positive,54.193399155486134,2025-01-11T19:06:20Z,buy
AMZN,neutral,54.193399155486134,2025-01-17T16:40:00Z,hold
AMZN,negative,54.193399155486134,2025-01-27T16:28:53Z,sell
AMZN,positive,54.193399155486134,2025-02-05T19:00:00Z,buy
AMZN,negative,54.193399155486134,2025-01-23T19:59:00Z,sell
AMZN,positive,54.193399155486134,2025-01-14T10:00:00Z,buy
AMZN,negative,54.193399155486134,2025-02-07T13:35:00Z,sell
AMZN,positive,54.193399155486134,2025-02-06T21:03:37Z,buy
AMZN,positive,54.193399155486134,2025-02-05T14:30:00Z,buy
AMZN,positive,54.193399155486134,2025-02-07T17:23:00Z,buy
AMZN,positive,54.193399155486134,2025-02-06T15:20:00Z,buy
AMZN,positive,54.193399155486134,2025-02-03T16:10:00Z,buy
AMZN,negative,54.193399155486134,2025-02-05T12:57:00Z,sell
AMZN,negative,54.193399155486134,2025-01-30T19:05:00Z,sell
AMZN,neutral,54.193399155486134,2025-02-07T14:26:26Z,hold
AMZN,positive,54.193399155486134,2025-02-05T10:00:00Z,buy
AMZN,negative,54.193399155486134,2025-01-29T18:33:00Z,sell
AMZN,positive,54.193399155486134,2025-01-15T09:00:00Z,buy
AMZN,positive,54.193399155486134,2025-01-12T12:51:36Z,buy
AMZN,positive,54.193399155486134,2025-01-21T21:05:00Z,buy
AMZN,negative,54.193399155486134,2025-02-04T13:24:00Z,sell
AMZN,positive,54.193399155486134,2025-02-06T21:34:00Z,buy
AMZN,positive,54.193399155486134,2025-01-27T17:16:00Z,buy
AMZN,positive,54.193399155486134,2025-01-21T16:48:00Z,buy
AMZN,positive,54.193399155486134,2025-01-22T12:41:43Z,buy
AMZN,neutral,54.193399155486134,2025-02-05T14:58:27Z,hold
AMZN,neutral,54.193399155486134,2025-01-16T19:50:00Z,hold
AMZN,negative,54.193399155486134,2025-01-28T13:02:00Z,sell
AMZN,negative,54.193399155486134,2025-01-28T13:07:00Z,sell
AMZN,positive,54.193399155486134,2025-01-27T13:15:00Z,buy
AMZN,positive,54.193399155486134,2025-01-09T15:59:00Z,buy
AMZN,positive,54.193399155486134,2025-01-10T18:36:00Z,buy
AMZN,positive,54.193399155486134,2025-01-28T16:18:00Z,buy
AMZN,negative,54.193399155486134,2025-01-28T13:25:00Z,sell
AMZN,negative,54.193399155486134,2025-02-02T12:00:00Z,sell
AMZN,positive,54.193399155486134,2025-01-31T15:57:35Z,buy
AMZN,negative,54.193399155486134,2025-01-31T19:45:00Z,sell
AMZN,positive,54.193399155486134,2025-02-04T18:09:21Z,buy
AMZN,negative,54.193399155486134,2025-02-06T16:27:00Z,sell
AMZN,neutral,54.193399155486134,2025-01-28T16:53:53Z,hold
AMZN,negative,54.193399155486134,2025-01-08T19:24:18Z,sell
AMZN,positive,54.193399155486134,2025-02-02T11:40:20Z,buy
AMZN,positive,54.193399155486134,2025-01-21T16:41:00Z,buy
AMZN,positive,54.193399155486134,2025-02-07T10:00:00Z,buy
AMZN,positive,54.193399155486134,2025-01-30T14:55:00Z,buy
AMZN,neutral,54.193399155486134,2025-02-05T21:59:00Z,hold
AMZN,neutral,54.193399155486134,2025-02-06T13:47:00Z,hold
AMZN,negative,54.193399155486134,2025-01-10T22:21:12Z,sell
AMZN,negative,54.193399155486134,2025-02-02T19:30:58Z,sell
AMZN,negative,54.193399155486134,2025-01-18T15:29:13Z,sell
AMZN,negative,54.193399155486134,2025-02-07T00:45:56Z,sell
AMZN,negative,54.193399155486134,2025-01-14T07:22:34Z,sell
AMZN,positive,54.193399155486134,2025-01-18T13:15:32Z,buy
AMZN,positive,54.193399155486134,2025-01-12T12:00:00Z,buy
AMZN,neutral,54.193399155486134,2025-01-18T12:55:47Z,hold
AMZN,positive,54.193399155486134,2025-01-22T21:56:46Z,buy
AMZN,positive,54.193399155486134,2025-01-28T18:55:00Z,buy
AMZN,negative,54.193399155486134,2025-01-28T03:03:32Z,sell
AMZN,negative,54.193399155486134,2025-01-27T19:14:35Z,sell
AMZN,positive,54.193399155486134,2025-02-05T19:56:36Z,buy
AMZN,positive,54.193399155486134,2025-01-20T20:45:51Z,buy
AMZN,positive,54.193399155486134,2025-01-25T08:40:23Z,buy
AMZN,positive,54.193399155486134,2025-02-01T09:57:37Z,buy
AMZN,negative,54.193399155486134,2025-02-01T14:17:33Z,sell
AMZN,positive,54.193399155486134,2025-01-09T19:33:32Z,buy
AMZN,positive,54.193399155486134,2025-02-02T18:58:08Z,buy
AMZN,positive,54.193399155486134,2025-01-09T10:00:00Z,buy
AMZN,positive,54.193399155486134,2025-01-28T10:00:00Z,buy
AMZN,negative,54.193399155486134,2025-01-29T10:00:00Z,sell
AMZN,positive,54.193399155486134,2025-01-22T19:42:00Z,buy
AMZN,neutral,54.193399155486134,2025-01-23T21:34:13Z,hold
AMZN,negative,54.193399155486134,2025-01-27T15:41:21Z,sell
AMZN,positive,54.193399155486134,2025-01-27T17:56:34Z,buy
AMZN,positive,54.193399155486134,2025-02-03T10:41:07Z,buy
AMZN,negative,54.193399155486134,2025-01-30T13:25:39Z,sell
AMZN,negative,54.193399155486134,2025-02-03T15:36:25Z,sell
AMZN,positive,54.193399155486134,2025-01-23T11:49:20Z,buy
AMZN,neutral,54.193399155486134,2025-01-08T20:55:32Z,hold
AMZN,positive,54.193399155486134,2025-01-17T16:24:46Z,buy
AMZN,neutral,54.193399155486134,2025-01-27T06:49:05Z,hold
AMZN,negative,54.193399155486134,2025-02-07T00:45:56Z,sell
AMZN,negative,54.193399155486134,2025-02-06T13:41:48Z,sell
AMZN,neutral,54.193399155486134,2025-01-21T15:56:41Z,hold
AMZN,positive,54.193399155486134,2025-01-28T16:53:53Z,buy
AMZN,positive,54.193399155486134,2025-02-03T15:32:13Z,buy
AMZN,positive,54.193399155486134,2025-01-28T00:35:42Z,buy
AMZN,neutral,54.193399155486134,2025-02-06T16:09:08Z,hold
AMZN,positive,54.193399155486134,2025-01-19T12:00:00Z,buy
AMZN,positive,54.193399155486134,2025-02-01T17:10:00Z,buy
AMZN,positive,54.193399155486134,2025-01-26T12:00:00Z,buy
AMZN,negative,54.193399155486134,2025-02-07T00:45:56Z,sell
AMZN,positive,54.193399155486134,2025-02-07T11:17:54Z,buy
AMZN,negative,54.193399155486134,2025-02-07T15:07:22Z,sell
AMZN,positive,54.193399155486134,2025-01-09T11:03:10Z,buy
AMZN,positive,54.193399155486134,2025-01-10T00:05:41Z,buy
AMZN,neutral,54.193399155486134,2025-01-11T16:49:00Z,hold
AMZN,positive,54.193399155486134,2025-02-02T15:41:00Z,buy
AMZN,neutral,54.193399155486134,2025-02-07T15:07:22Z,hold
GOOGL,negative,35.1686462012876,2025-01-31T16:08:00Z,sell
GOOGL,positive,35.1686462012876,2025-02-05T22:35:00Z,buy
GOOGL,negative,35.1686462012876,2025-01-27T16:28:53Z,sell
GOOGL,neutral,35.1686462012876,2025-02-05T21:59:00Z,hold
GOOGL,negative,35.1686462012876,2025-02-03T10:00:00Z,sell
GOOGL,positive,35.1686462012876,2025-01-22T10:00:00Z,buy
GOOGL,positive,35.1686462012876,2025-01-14T10:00:00Z,buy
GOOGL,negative,35.1686462012876,2025-01-23T14:29:16Z,sell
GOOGL,positive,35.1686462012876,2025-01-09T15:59:00Z,buy
GOOGL,positive,35.1686462012876,2025-02-05T14:30:00Z,buy
GOOGL,positive,35.1686462012876,2025-02-07T17:23:00Z,buy
GOOGL,positive,35.1686462012876,2025-02-05T10:00:00Z,buy
GOOGL,negative,35.1686462012876,2025-02-07T10:00:00Z,sell
GOOGL,positive,35.1686462012876,2025-01-08T11:30:00Z,buy
GOOGL,positive,35.1686462012876,2025-01-08T16:45:00Z,buy
GOOGL,positive,35.1686462012876,2025-02-05T17:51:00Z,buy
GOOGL,positive,35.1686462012876,2025-01-17T15:24:00Z,buy
GOOGL,positive,35.1686462012876,2025-01-21T21:05:00Z,buy
GOOGL,positive,35.1686462012876,2025-02-06T16:00:00Z,buy
GOOGL,positive,35.1686462012876,2025-01-21T16:48:00Z,buy
GOOGL,negative,35.1686462012876,2025-01-23T13:53:57Z,sell
GOOGL,negative,35.1686462012876,2025-01-13T15:30:00Z,sell
GOOGL,positive,35.1686462012876,2025-01-13T19:00:00Z,buy
GOOGL,positive,35.1686462012876,2025-01-27T18:53:00Z,buy
GOOGL,positive,35.1686462012876,2025-01-27T21:03:00Z,buy
GOOGL,neutral,35.1686462012876,2025-01-24T20:07:00Z,hold
GOOGL,negative,35.1686462012876,2025-01-28T13:02:00Z,sell
GOOGL,negative,35.1686462012876,2025-01-28T13:07:00Z,sell
GOOGL,positive,35.1686462012876,2025-01-27T13:15:00Z,buy
GOOGL,positive,35.1686462012876,2025-02-04T21:15:00Z,buy
GOOGL,positive,35.1686462012876,2025-01-27T14:21:00Z,buy
GOOGL,positive,35.1686462012876,2025-02-05T15:59:00Z,buy
GOOGL,negative,35.1686462012876,2025-01-08T02:32:00Z,sell
GOOGL,positive,35.1686462012876,2025-01-27T12:55:00Z,buy
GOOGL,positive,35.1686462012876,2025-01-29T19:10:00Z,buy
GOOGL,negative,35.1686462012876,2025-02-02T12:00:00Z,sell
GOOGL,positive,35.1686462012876,2025-02-04T15:50:00Z,buy
GOOGL,positive,35.1686462012876,2025-02-05T19:00:00Z,buy
GOOGL,neutral,35.1686462012876,2025-01-10T14:25:32Z,hold
GOOGL,neutral,35.1686462012876,2025-01-28T16:53:53Z,hold
GOOGL,negative,35.1686462012876,2025-01-08T19:24:18Z,sell
GOOGL,positive,35.1686462012876,2025-01-10T11:18:57Z,buy
GOOGL,positive,35.1686462012876,2025-01-23T20:23:10Z,buy
GOOGL,positive,35.1686462012876,2025-01-11T19:08:59Z,buy
GOOGL,positive,35.1686462012876,2025-02-04T21:34:34Z,buy
GOOGL,positive,35.1686462012876,2025-01-25T17:12:53Z,buy
GOOGL,negative,35.1686462012876,2025-01-22T21:53:30Z,sell
GOOGL,neutral,35.1686462012876,2025-01-12T18:24:37Z,hold
GOOGL,negative,35.1686462012876,2025-01-19T12:36:14Z,sell
GOOGL,negative,35.1686462012876,2025-01-23T17:08:00Z,sell
GOOGL,negative,35.1686462012876,2025-02-05T14:15:00Z,sell
GOOGL,positive,35.1686462012876,2025-01-13T13:17:48Z,buy
GOOGL,negative,35.1686462012876,2025-02-05T12:57:00Z,sell
GOOGL,negative,35.1686462012876,2025-02-07T13:35:00Z,sell
GOOGL,positive,35.1686462012876,2025-01-30T14:55:00Z,buy
GOOGL,neutral,35.1686462012876,2025-02-06T13:47:00Z,hold
GOOGL,positive,35.1686462012876,2025-02-04T15:10:00Z,buy
GOOGL,positive,35.1686462012876,2025-01-24T18:52:16Z,buy
GOOGL,negative,35.1686462012876,2025-02-03T16:16:09Z,sell
GOOGL,positive,35.1686462012876,2025-01-27T12:56:01Z,buy
GOOGL,positive,35.1686462012876,2025-02-02T11:40:20Z,buy
GOOGL,positive,35.1686462012876,2025-01-12T12:00:00Z,buy
GOOGL,positive,35.1686462012876,2025-01-09T10:00:00Z,buy
GOOGL,negative,35.1686462012876,2025-01-27T17:15:00Z,sell
GOOGL,positive,35.1686462012876,2025-01-28T10:00:00Z,buy
GOOGL,negative,35.1686462012876,2025-01-19T04:39:08Z,sell
GOOGL,negative,35.1686462012876,2025-01-29T10:00:00Z,sell
GOOGL,positive,35.1686462012876,2025-01-14T13:00:00Z,buy
GOOGL,negative,35.1686462012876,2025-01-27T15:41:21Z,sell
GOOGL,positive,35.1686462012876,2025-02-07T10:20:07Z,buy
GOOGL,neutral,35.1686462012876,2025-01-23T21:34:13Z,hold
GOOGL,positive,35.1686462012876,2025-01-27T17:56:34Z,buy
GOOGL,positive,35.1686462012876,2025-02-04T21:23:13Z,buy
GOOGL,negative,35.1686462012876,2025-02-05T12:25:56Z,sell
GOOGL,positive,35.1686462012876,2025-01-23T11:49:20Z,buy
GOOGL,positive,35.1686462012876,2025-01-08T21:07:00Z,buy
GOOGL,positive,35.1686462012876,2025-01-09T14:50:00Z,buy
GOOGL,positive,35.1686462012876,2025-01-27T10:00:00Z,buy
GOOGL,neutral,35.1686462012876,2025-01-08T20:55:32Z,hold
GOOGL,positive,35.1686462012876,2025-01-21T13:39:22Z,buy
GOOGL,neutral,35.1686462012876,2025-01-09T08:40:21Z,hold
GOOGL,positive,35.1686462012876,2025-01-18T13:15:32Z,buy
GOOGL,positive,35.1686462012876,2025-01-17T16:24:46Z,buy
GOOGL,positive,35.1686462012876,2025-01-22T16:17:08Z,buy
GOOGL,positive,35.1686462012876,2025-02-04T15:20:30Z,buy
GOOGL,negative,35.1686462012876,2025-02-02T14:30:18Z,sell
GOOGL,negative,35.1686462012876,2025-02-06T13:41:48Z,sell
GOOGL,positive,35.1686462012876,2025-02-03T15:32:13Z,buy
GOOGL,neutral,35.1686462012876,2025-01-21T15:56:41Z,hold
GOOGL,positive,35.1686462012876,2025-01-28T16:53:53Z,buy
GOOGL,neutral,35.1686462012876,2025-01-21T04:30:55Z,hold
GOOGL,negative,35.1686462012876,2025-01-28T12:04:25Z,sell
GOOGL,positive,35.1686462012876,2025-02-04T13:50:18Z,buy
GOOGL,positive,35.1686462012876,2025-01-19T12:00:00Z,buy
GOOGL,positive,35.1686462012876,2025-01-26T12:00:00Z,buy
GOOGL,neutral,35.1686462012876,2025-02-04T18:37:39Z,hold
GOOGL,neutral,35.1686462012876,2025-01-29T09:04:28Z,hold
GOOGL,positive,35.1686462012876,2025-01-18T23:08:08Z,buy
GOOGL,positive,35.1686462012876,2025-02-05T01:12:19Z,buy
GOOGL,positive,35.1686462012876,2025-02-04T14:26:00Z,buy
TSLA,negative,44.821917932155024,2025-01-27T16:28:53Z,sell
TSLA,positive,44.821917932155024,2025-01-13T19:12:13Z,buy
TSLA,positive,44.821917932155024,2025-01-29T21:34:00Z,buy
TSLA,neutral,44.821917932155024,2025-01-13T14:20:00Z,hold
TSLA,positive,44.821917932155024,2025-01-14T10:00:00Z,buy
TSLA,negative,44.821917932155024,2025-01-24T14:46:00Z,sell
TSLA,positive,44.821917932155024,2025-01-28T18:00:00Z,buy
TSLA,positive,44.821917932155024,2025-01-23T14:47:00Z,buy
TSLA,neutral,44.821917932155024,2025-01-08T17:23:00Z,hold
TSLA,positive,44.821917932155024,2025-01-30T19:49:00Z,buy
TSLA,positive,44.821917932155024,2025-01-30T14:55:00Z,buy
TSLA,positive,44.821917932155024,2025-02-05T14:30:00Z,buy
TSLA,positive,44.821917932155024,2025-02-07T17:23:00Z,buy
TSLA,positive,44.821917932155024,2025-01-28T10:00:00Z,buy
TSLA,positive,44.821917932155024,2025-01-08T00:50:19Z,buy
TSLA,negative,44.821917932155024,2025-01-28T18:51:04Z,sell
TSLA,positive,44.821917932155024,2025-01-21T16:09:00Z,buy
TSLA,positive,44.821917932155024,2025-01-12T12:51:36Z,buy
TSLA,positive,44.821917932155024,2025-01-08T02:46:55Z,buy
TSLA,positive,44.821917932155024,2025-01-30T15:06:02Z,buy
TSLA,positive,44.821917932155024,2025-01-29T19:57:00Z,buy
TSLA,negative,44.821917932155024,2025-01-20T18:29:00Z,sell
TSLA,positive,44.821917932155024,2025-01-09T15:59:00Z,buy
TSLA,neutral,44.821917932155024,2025-01-22T14:40:00Z,hold
TSLA,negative,44.821917932155024,2025-01-14T10:00:43Z,sell
TSLA,negative,44.821917932155024,2025-01-13T14:27:33Z,sell
TSLA,positive,44.821917932155024,2025-01-26T12:00:00Z,buy
TSLA,positive,44.821917932155024,2025-01-13T17:28:12Z,buy
TSLA,negative,44.821917932155024,2025-01-15T22:00:00Z,sell
TSLA,positive,44.821917932155024,2025-02-03T16:25:00Z,buy
TSLA,negative,44.821917932155024,2025-01-22T16:00:00Z,sell
TSLA,positive,44.821917932155024,2025-01-22T13:22:00Z,buy
TSLA,neutral,44.821917932155024,2025-01-13T14:25:00Z,hold
TSLA,neutral,44.821917932155024,2025-01-21T17:50:00Z,hold
TSLA,positive,44.821917932155024,2025-01-17T13:35:00Z,buy
TSLA,negative,44.821917932155024,2025-01-09T14:25:00Z,sell
TSLA,negative,44.821917932155024,2025-01-27T13:29:00Z,sell
TSLA,negative,44.821917932155024,2025-02-05T21:17:31Z,sell
TSLA,positive,44.821917932155024,2025-02-04T04:26:07Z,buy
TSLA,negative,44.821917932155024,2025-01-27T18:43:12Z,sell
TSLA,positive,44.821917932155024,2025-02-07T01:31:09Z,buy
TSLA,positive,44.821917932155024,2025-01-14T19:06:34Z,buy
TSLA,negative,44.821917932155024,2025-01-15T17:43:35Z,sell
TSLA,negative,44.821917932155024,2025-01-29T22:24:23Z,sell
TSLA,positive,44.821917932155024,2025-02-04T18:34:09Z,buy
TSLA,positive,44.821917932155024,2025-01-30T12:46:25Z,buy
TSLA,negative,44.821917932155024,2025-01-29T01:52:37Z,sell
TSLA,positive,44.821917932155024,2025-01-29T21:35:52Z,buy
TSLA,negative,44.821917932155024,2025-01-28T05:13:13Z,sell
TSLA,neutral,44.821917932155024,2025-01-23T19:00:00Z,hold
TSLA,positive,44.821917932155024,2025-01-08T20:03:02Z,buy
TSLA,neutral,44.821917932155024,2025-02-05T17:08:17Z,hold
TSLA,negative,44.821917932155024,2025-01-15T13:22:00Z,sell
TSLA,negative,44.821917932155024,2025-01-23T19:00:00Z,sell
TSLA,positive,44.821917932155024,2025-02-01T23:01:50Z,buy
TSLA,negative,44.821917932155024,2025-01-28T17:50:35Z,sell
TSLA,positive,44.821917932155024,2025-01-08T11:29:54Z,buy
TSLA,neutral,44.821917932155024,2025-01-27T11:14:22Z,hold
TSLA,positive,44.821917932155024,2025-02-02T11:40:20Z,buy
TSLA,positive,44.821917932155024,2025-02-03T20:15:00Z,buy
TSLA,positive,44.821917932155024,2025-01-13T21:02:18Z,buy
TSLA,neutral,44.821917932155024,2025-01-17T14:31:05Z,hold
TSLA,negative,44.821917932155024,2025-01-17T22:06:57Z,sell
TSLA,neutral,44.821917932155024,2025-01-17T14:31:05Z,hold
TSLA,positive,44.821917932155024,2025-01-23T11:49:20Z,buy
TSLA,neutral,44.821917932155024,2025-01-08T14:00:00Z,hold
TSLA,positive,44.821917932155024,2025-01-21T18:15:31Z,buy
TSLA,positive,44.821917932155024,2025-02-04T21:23:13Z,buy
TSLA,positive,44.821917932155024,2025-01-08T21:07:00Z,buy
TSLA,neutral,44.821917932155024,2025-01-09T15:49:40Z,hold
TSLA,positive,44.821917932155024,2025-01-30T07:17:22Z,buy
TSLA,neutral,44.821917932155024,2025-01-29T21:07:38Z,hold
TSLA,positive,44.821917932155024,2025-01-26T12:00:00Z,buy
TSLA,positive,44.821917932155024,2025-01-10T14:58:49Z,buy
TSLA,positive,44.821917932155024,2025-01-14T06:22:22Z,buy
TSLA,positive,44.821917932155024,2025-01-29T12:15:14Z,buy
TSLA,positive,44.821917932155024,2025-01-30T12:22:36Z,buy
TSLA,negative,44.821917932155024,2025-01-19T14:16:32Z,sell
TSLA,positive,44.821917932155024,2025-01-10T12:00:10Z,buy
TSLA,negative,44.821917932155024,2025-01-11T02:30:00Z,sell
TSLA,neutral,44.821917932155024,2025-01-17T14:00:00Z,hold
TSLA,negative,44.821917932155024,2025-01-26T10:00:00Z,sell
TSLA,positive,44.821917932155024,2025-01-21T15:37:53Z,buy
TSLA,negative,44.821917932155024,2025-01-10T15:41:40Z,sell
TSLA,positive,44.821917932155024,2025-01-24T13:00:24Z,buy
TSLA,positive,44.821917932155024,2025-01-12T12:00:00Z,buy
TSLA,positive,44.821917932155024,2025-01-19T12:00:00Z,buy
TSLA,positive,44.821917932155024,2025-01-28T00:35:42Z,buy
TSLA,positive,44.821917932155024,2025-01-23T10:00:00Z,buy
TSLA,positive,44.821917932155024,2025-02-03T15:38:00Z,buy
TSLA,positive,44.821917932155024,2025-01-21T20:35:00Z,buy
TSLA,neutral,44.821917932155024,2025-01-09T07:42:19Z,hold
TSLA,positive,44.821917932155024,2025-01-27T08:41:28Z,buy
TSLA,neutral,44.821917932155024,2025-01-30T01:08:53Z,hold
TSLA,positive,44.821917932155024,2025-01-29T12:57:26Z,buy
TSLA,positive,44.821917932155024,2025-01-17T00:26:36Z,buy
TSLA,positive,44.821917932155024,2025-01-29T21:24:49Z,buy
TSLA,positive,44.821917932155024,2025-01-23T13:00:44Z,buy
TSLA,positive,44.821917932155024,2025-01-08T20:10:41Z,buy
TSLA,neutral,44.821917932155024,2025-01-13T11:54:21Z,hold
NFLX,positive,115.02439593965403,2025-01-17T15:05:42Z,buy
NFLX,positive,115.02439593965403,2025-02-01T09:20:38Z,buy
NFLX,positive,115.02439593965403,2025-01-22T14:25:00Z,buy
NFLX,positive,115.02439593965403,2025-01-22T19:42:00Z,buy
NFLX,positive,115.02439593965403,2025-01-21T22:00:00Z,buy
NFLX,positive,115.02439593965403,2025-01-22T18:15:00Z,buy
NFLX,positive,115.02439593965403,2025-01-28T10:00:00Z,buy
NFLX,positive,115.02439593965403,2025-01-24T13:00:00Z,buy
NFLX,positive,115.02439593965403,2025-01-08T00:50:19Z,buy
NFLX,positive,115.02439593965403,2025-01-18T13:10:48Z,buy
NFLX,neutral,115.02439593965403,2025-01-22T14:32:45Z,hold
NFLX,negative,115.02439593965403,2025-01-22T17:24:22Z,sell
NFLX,neutral,115.02439593965403,2025-02-05T13:13:00Z,hold
NFLX,negative,115.02439593965403,2025-01-21T03:06:48Z,sell
NFLX,negative,115.02439593965403,2025-01-23T20:18:26Z,sell
NFLX,negative,115.02439593965403,2025-01-18T23:53:08Z,sell
NFLX,positive,115.02439593965403,2025-01-22T07:03:34Z,buy
NFLX,neutral,115.02439593965403,2025-02-04T10:00:00Z,hold
NFLX,positive,115.02439593965403,2025-02-07T10:00:00Z,buy
NFLX,positive,115.02439593965403,2025-01-12T15:36:50Z,buy
NFLX,positive,115.02439593965403,2025-02-03T20:32:46Z,buy
NFLX,negative,115.02439593965403,2025-01-29T19:55:15Z,sell
NFLX,positive,115.02439593965403,2025-02-01T21:18:58Z,buy
NFLX,positive,115.02439593965403,2025-01-26T18:06:47Z,buy
NFLX,negative,115.02439593965403,2025-01-19T17:00:56Z,sell
NFLX,positive,115.02439593965403,2025-01-09T10:00:00Z,buy
NFLX,negative,115.02439593965403,2025-01-25T18:18:50Z,sell
NFLX,positive,115.02439593965403,2025-01-23T11:49:20Z,buy
NFLX,positive,115.02439593965403,2025-01-24T15:24:18Z,buy
NFLX,positive,115.02439593965403,2025-02-04T21:23:13Z,buy
NFLX,positive,115.02439593965403,2025-01-14T21:31:00Z,buy
NFLX,positive,115.02439593965403,2025-01-23T06:41:21Z,buy
NFLX,negative,115.02439593965403,2025-01-22T17:21:23Z,sell
NFLX,positive,115.02439593965403,2025-01-19T15:04:00Z,buy
NFLX,negative,115.02439593965403,2025-01-16T21:26:11Z,sell
NFLX,positive,115.02439593965403,2025-01-21T15:37:53Z,buy
NFLX,negative,115.02439593965403,2025-01-21T19:36:49Z,sell
NFLX,positive,115.02439593965403,2025-01-19T12:00:00Z,buy
NFLX,positive,115.02439593965403,2025-01-22T15:09:22Z,buy
NFLX,positive,115.02439593965403,2025-02-07T13:00:40Z,buy
NFLX,positive,115.02439593965403,2025-01-20T07:02:43Z,buy
NFLX,negative,115.02439593965403,2025-02-03T17:01:42Z,sell
NFLX,negative,115.02439593965403,2025-02-07T22:31:08Z,sell
NFLX,negative,115.02439593965403,2025-02-07T22:37:59Z,sell
NFLX,positive,115.02439593965403,2025-01-13T20:38:42Z,buy
NFLX,negative,115.02439593965403,2025-01-19T14:16:32Z,sell
NFLX,positive,115.02439593965403,2025-01-21T14:34:00Z,buy
NFLX,positive,115.02439593965403,2025-01-10T13:48:28Z,buy
NFLX,negative,115.02439593965403,2025-01-22T16:05:58Z,sell
NFLX,negative,115.02439593965403,2025-01-21T21:04:16Z,sell
NFLX,negative,115.02439593965403,2025-01-21T21:15:46Z,sell
NFLX,positive,115.02439593965403,2025-01-09T18:30:38Z,buy
NFLX,positive,115.02439593965403,2025-01-22T12:05:36Z,buy
NFLX,positive,115.02439593965403,2025-01-23T13:07:05Z,buy
NFLX,positive,115.02439593965403,2025-01-21T22:10:50Z,buy
NFLX,positive,115.02439593965403,2025-01-17T15:24:08Z,buy
NFLX,negative,115.02439593965403,2025-01-21T17:21:22Z,sell
NFLX,positive,115.02439593965403,2025-01-23T10:27:51Z,buy
NFLX,neutral,115.02439593965403,2025-01-25T15:19:37Z,hold
NFLX,negative,115.02439593965403,2025-01-20T12:07:55Z,sell
NFLX,negative,115.02439593965403,2025-01-20T11:23:19Z,sell
NFLX,positive,115.02439593965403,2025-01-21T21:48:35Z,buy
NFLX,neutral,115.02439593965403,2025-01-22T10:43:45Z,hold
NFLX,neutral,115.02439593965403,2025-01-22T13:19:45Z,hold
NFLX,negative,115.02439593965403,2025-01-25T23:25:58Z,sell
NFLX,positive,115.02439593965403,2025-01-18T13:28:43Z,buy
NFLX,positive,115.02439593965403,2025-01-22T00:46:16Z,buy
NFLX,positive,115.02439593965403,2025-01-21T12:19:53Z,buy
NFLX,positive,115.02439593965403,2025-01-22T13:41:52Z,buy
NFLX,positive,115.02439593965403,2025-01-22T15:00:12Z,buy
NFLX,positive,115.02439593965403,2025-01-24T16:27:56Z,buy
NFLX,negative,115.02439593965403,2025-01-24T15:11:20Z,sell
NFLX,positive,115.02439593965403,2025-02-02T23:27:50Z,buy
NFLX,positive,115.02439593965403,2025-02-02T23:39:20Z,buy
NFLX,positive,115.02439593965403,2025-01-29T15:50:05Z,buy
NFLX,positive,115.02439593965403,2025-01-26T23:41:21Z,buy
NFLX,positive,115.02439593965403,2025-02-01T12:57:43Z,buy
NFLX,positive,115.02439593965403,2025-02-04T03:17:15Z,buy
NFLX,neutral,115.02439593965403,2025-01-08T11:26:09Z,hold
NFLX,negative,115.02439593965403,2025-01-22T13:20:49Z,sell
NFLX,positive,115.02439593965403,2025-01-23T00:21:57Z,buy
NFLX,positive,115.02439593965403,2025-01-21T21:26:39Z,buy
NFLX,negative,115.02439593965403,2025-01-24T14:05:32Z,sell
NFLX,neutral,115.02439593965403,2025-01-20T02:10:18Z,hold
NFLX,positive,115.02439593965403,2025-01-17T15:43:19Z,buy
NFLX,positive,115.02439593965403,2025-02-05T14:36:11Z,buy
NFLX,positive,115.02439593965403,2025-01-18T08:56:48Z,buy
NFLX,positive,115.02439593965403,2025-01-22T13:09:01Z,buy
NFLX,negative,115.02439593965403,2025-01-18T03:43:32Z,sell
NFLX,negative,115.02439593965403,2025-01-09T07:00:00Z,sell
NFLX,positive,115.02439593965403,2025-01-22T12:24:21Z,buy
NFLX,positive,115.02439593965403,2025-01-18T08:56:52Z,buy
NFLX,positive,115.02439593965403,2025-02-07T07:28:57Z,buy
NFLX,negative,115.02439593965403,2025-01-25T10:00:00Z,sell
NFLX,positive,115.02439593965403,2025-01-24T08:45:05Z,buy
NFLX,positive,115.02439593965403,2025-01-23T14:31:03Z,buy
NFLX,positive,115.02439593965403,2025-01-20T23:00:07Z,buy
NFLX,neutral,115.02439593965403,2025-01-17T14:31:05Z,hold
NFLX,positive,115.02439593965403,2025-01-22T14:53:31Z,buy
NFLX,positive,115.02439593965403,2025-01-24T20:39:08Z,buy
NVDA,negative,172.43166364400705,2025-01-13T16:15:29Z,sell
NVDA,positive,172.43166364400705,2025-02-05T22:35:00Z,buy
NVDA,positive,172.43166364400705,2025-01-30T19:12:16Z,buy
NVDA,positive,172.43166364400705,2025-01-28T22:30:46Z,buy
NVDA,negative,172.43166364400705,2025-01-27T20:59:42Z,sell
NVDA,negative,172.43166364400705,2025-01-28T22:28:25Z,sell
NVDA,positive,172.43166364400705,2025-01-16T13:34:41Z,buy
NVDA,negative,172.43166364400705,2025-01-27T16:28:53Z,sell
NVDA,positive,172.43166364400705,2025-02-03T17:51:00Z,buy
NVDA,positive,172.43166364400705,2025-01-13T19:12:13Z,buy
NVDA,negative,172.43166364400705,2025-01-10T16:19:00Z,sell
NVDA,positive,172.43166364400705,2025-01-13T13:17:48Z,buy
NVDA,positive,172.43166364400705,2025-01-18T10:00:00Z,buy
NVDA,positive,172.43166364400705,2025-01-21T20:11:04Z,buy
NVDA,positive,172.43166364400705,2025-01-27T16:45:00Z,buy
NVDA,positive,172.43166364400705,2025-01-15T21:20:00Z,buy
NVDA,positive,172.43166364400705,2025-01-08T00:50:19Z,buy
NVDA,positive,172.43166364400705,2025-01-08T16:45:00Z,buy
NVDA,positive,172.43166364400705,2025-01-27T21:03:00Z,buy
NVDA,negative,172.43166364400705,2025-02-01T14:00:00Z,sell
NVDA,negative,172.43166364400705,2025-01-28T13:02:00Z,sell
NVDA,positive,172.43166364400705,2025-01-27T12:55:00Z,buy
NVDA,positive,172.43166364400705,2025-02-04T10:00:00Z,buy
NVDA,neutral,172.43166364400705,2025-02-07T10:00:00Z,hold
NVDA,negative,172.43166364400705,2025-01-14T15:31:53Z,sell
NVDA,positive,172.43166364400705,2025-01-30T19:49:00Z,buy
NVDA,positive,172.43166364400705,2025-02-07T17:23:00Z,buy
NVDA,negative,172.43166364400705,2025-01-28T15:01:18Z,sell
NVDA,neutral,172.43166364400705,2025-01-10T14:31:01Z,hold
NVDA,positive,172.43166364400705,2025-01-10T14:31:01Z,buy
NVDA,negative,172.43166364400705,2025-02-06T13:45:00Z,sell
NVDA,positive,172.43166364400705,2025-01-30T15:06:02Z,buy
NVDA,negative,172.43166364400705,2025-01-10T14:43:40Z,sell
NVDA,negative,172.43166364400705,2025-01-28T18:51:04Z,sell
NVDA,positive,172.43166364400705,2025-01-28T14:23:27Z,buy
NVDA,positive,172.43166364400705,2025-01-13T16:21:18Z,buy
NVDA,negative,172.43166364400705,2025-01-28T22:30:00Z,sell
NVDA,positive,172.43166364400705,2025-01-28T10:00:00Z,buy
NVDA,neutral,172.43166364400705,2025-01-29T19:03:26Z,hold
NVDA,positive,172.43166364400705,2025-02-05T16:42:00Z,buy
NVDA,neutral,172.43166364400705,2025-02-06T11:31:46Z,hold
NVDA,positive,172.43166364400705,2025-01-28T14:00:07Z,buy
NVDA,positive,172.43166364400705,2025-01-28T14:00:07Z,buy
NVDA,positive,172.43166364400705,2025-01-08T23:56:28Z,buy
NVDA,negative,172.43166364400705,2025-01-13T16:08:59Z,sell
NVDA,negative,172.43166364400705,2025-01-14T10:59:55Z,sell
NVDA,positive,172.43166364400705,2025-01-28T10:13:54Z,buy
NVDA,neutral,172.43166364400705,2025-01-28T20:46:56Z,hold
NVDA,negative,172.43166364400705,2025-02-05T13:07:08Z,sell
NVDA,positive,172.43166364400705,2025-01-19T16:57:21Z,buy
NVDA,positive,172.43166364400705,2025-01-12T12:51:36Z,buy
NVDA,negative,172.43166364400705,2025-02-06T05:08:43Z,sell
NVDA,negative,172.43166364400705,2025-01-18T15:35:54Z,sell
NVDA,positive,172.43166364400705,2025-01-26T17:09:50Z,buy
NVDA,negative,172.43166364400705,2025-01-30T13:15:11Z,sell
NVDA,neutral,172.43166364400705,2025-01-14T16:09:00Z,hold
NVDA,positive,172.43166364400705,2025-01-29T13:16:00Z,buy
NVDA,positive,172.43166364400705,2025-01-13T14:45:00Z,buy
NVDA,positive,172.43166364400705,2025-01-17T17:02:00Z,buy
NVDA,positive,172.43166364400705,2025-01-29T19:57:00Z,buy
NVDA,negative,172.43166364400705,2025-01-29T21:19:00Z,sell
NVDA,positive,172.43166364400705,2025-01-29T15:52:00Z,buy
NVDA,negative,172.43166364400705,2025-01-28T13:25:00Z,sell
NVDA,positive,172.43166364400705,2025-01-15T16:35:00Z,buy
NVDA,positive,172.43166364400705,2025-01-14T13:08:00Z,buy
NVDA,negative,172.43166364400705,2025-01-27T17:34:00Z,sell
NVDA,negative,172.43166364400705,2025-01-28T13:07:00Z,sell
NVDA,positive,172.43166364400705,2025-01-27T13:15:00Z,buy
NVDA,positive,172.43166364400705,2025-01-28T10:56:30Z,buy
NVDA,neutral,172.43166364400705,2025-01-27T20:39:44Z,hold
NVDA,positive,172.43166364400705,2025-02-04T21:25:56Z,buy
NVDA,negative,172.43166364400705,2025-02-05T10:14:59Z,sell
NVDA,neutral,172.43166364400705,2025-02-05T11:00:34Z,hold
NVDA,negative,172.43166364400705,2025-01-15T21:41:29Z,sell
NVDA,positive,172.43166364400705,2025-01-09T21:43:33Z,buy
NVDA,positive,172.43166364400705,2025-01-09T18:41:15Z,buy
NVDA,positive,172.43166364400705,2025-01-10T16:26:29Z,buy
NVDA,negative,172.43166364400705,2025-01-27T22:26:26Z,sell
NVDA,neutral,172.43166364400705,2025-01-21T19:44:11Z,hold
NVDA,negative,172.43166364400705,2025-02-07T14:24:04Z,sell
NVDA,neutral,172.43166364400705,2025-01-27T15:19:32Z,hold
NVDA,positive,172.43166364400705,2025-01-24T12:25:24Z,buy
NVDA,positive,172.43166364400705,2025-01-12T20:06:57Z,buy
NVDA,positive,172.43166364400705,2025-01-19T00:09:03Z,buy
NVDA,negative,172.43166364400705,2025-02-06T17:15:01Z,sell
NVDA,positive,172.43166364400705,2025-01-19T17:25:11Z,buy
NVDA,positive,172.43166364400705,2025-01-21T21:17:31Z,buy
NVDA,positive,172.43166364400705,2025-02-02T19:03:54Z,buy
NVDA,positive,172.43166364400705,2025-01-22T14:41:51Z,buy
NVDA,positive,172.43166364400705,2025-01-22T13:22:00Z,buy
NVDA,negative,172.43166364400705,2025-01-22T16:00:00Z,sell
NVDA,positive,172.43166364400705,2025-01-27T13:37:00Z,buy
NVDA,negative,172.43166364400705,2025-02-07T13:35:00Z,sell
NVDA,neutral,172.43166364400705,2025-02-06T13:47:00Z,hold
NVDA,positive,172.43166364400705,2025-02-04T15:10:00Z,buy
NVDA,negative,172.43166364400705,2025-02-01T13:48:17Z,sell
NVDA,negative,172.43166364400705,2025-01-31T17:41:00Z,sell
NVDA,negative,172.43166364400705,2025-02-05T14:15:00Z,sell
NVDA,neutral,172.43166364400705,2025-01-09T03:03:10Z,hold
NVDA,neutral,172.43166364400705,2025-01-09T02:32:09Z,hold
INTC,positive,-60.451441275583015,2025-01-29T20:28:09Z,hold
INTC,positive,-60.451441275583015,2025-01-17T17:02:00Z,hold
INTC,positive,-60.451441275583015,2025-02-05T10:08:20Z,hold
INTC,positive,-60.451441275583015,2025-01-22T05:11:34Z,hold
INTC,positive,-60.451441275583015,2025-01-15T16:35:00Z,hold
INTC,positive,-60.451441275583015,2025-02-04T21:25:56Z,hold
INTC,negative,-60.451441275583015,2025-01-22T17:37:25Z,sell
INTC,negative,-60.451441275583015,2025-01-31T21:16:58Z,sell
INTC,negative,-60.451441275583015,2025-01-08T18:25:12Z,sell
INTC,positive,-60.451441275583015,2025-01-22T12:55:13Z,hold
INTC,positive,-60.451441275583015,2025-01-31T17:39:05Z,hold
INTC,negative,-60.451441275583015,2025-02-05T14:15:00Z,sell
INTC,neutral,-60.451441275583015,2025-02-06T13:47:00Z,hold
INTC,positive,-60.451441275583015,2025-02-04T15:10:00Z,hold
INTC,positive,-60.451441275583015,2025-01-23T00:53:39Z,hold
INTC,negative,-60.451441275583015,2025-01-22T02:11:46Z,sell
INTC,negative,-60.451441275583015,2025-01-12T12:43:50Z,sell
INTC,negative,-60.451441275583015,2025-01-31T07:42:04Z,sell
INTC,neutral,-60.451441275583015,2025-01-09T13:47:36Z,hold
INTC,negative,-60.451441275583015,2025-01-29T04:42:24Z,sell
INTC,positive,-60.451441275583015,2025-01-26T20:00:00Z,hold
INTC,neutral,-60.451441275583015,2025-01-28T14:54:42Z,hold
INTC,positive,-60.451441275583015,2025-01-26T12:00:00Z,hold
INTC,positive,-60.451441275583015,2025-01-10T15:32:23Z,hold
INTC,positive,-60.451441275583015,2025-01-16T12:36:37Z,hold
INTC,positive,-60.451441275583015,2025-01-17T16:06:05Z,hold
INTC,positive,-60.451441275583015,2025-01-21T18:02:04Z,hold
INTC,neutral,-60.451441275583015,2025-02-06T13:47:00Z,hold
INTC,neutral,-60.451441275583015,2025-02-06T13:30:32Z,hold
INTC,positive,-60.451441275583015,2025-01-31T14:31:08Z,hold
INTC,positive,-60.451441275583015,2025-01-30T12:22:36Z,hold
INTC,positive,-60.451441275583015,2025-02-07T15:50:02Z,hold
INTC,positive,-60.451441275583015,2025-01-31T12:12:25Z,hold
INTC,positive,-60.451441275583015,2025-01-16T06:42:57Z,hold
INTC,positive,-60.451441275583015,2025-01-19T15:50:58Z,hold
INTC,negative,-60.451441275583015,2025-01-15T21:41:29Z,sell
INTC,positive,-60.451441275583015,2025-02-04T16:25:00Z,hold
INTC,positive,-60.451441275583015,2025-01-29T18:17:45Z,hold
INTC,negative,-60.451441275583015,2025-01-30T22:29:16Z,sell
INTC,positive,-60.451441275583015,2025-01-07T23:27:46Z,hold
INTC,negative,-60.451441275583015,2025-01-21T08:37:38Z,sell
INTC,negative,-60.451441275583015,2025-01-21T16:14:24Z,sell
INTC,negative,-60.451441275583015,2025-02-04T10:30:45Z,sell
INTC,positive,-60.451441275583015,2025-01-31T04:44:12Z,hold
INTC,positive,-60.451441275583015,2025-01-17T18:06:50Z,hold
INTC,positive,-60.451441275583015,2025-01-17T18:51:09Z,hold
INTC,negative,-60.451441275583015,2025-01-21T16:36:55Z,sell
INTC,positive,-60.451441275583015,2025-01-21T17:21:49Z,hold
INTC,positive,-60.451441275583015,2025-01-08T17:51:38Z,hold
INTC,positive,-60.451441275583015,2025-01-25T14:12:46Z,hold
INTC,positive,-60.451441275583015,2025-01-30T22:28:58Z,hold
INTC,positive,-60.451441275583015,2025-02-04T17:46:08Z,hold
INTC,positive,-60.451441275583015,2025-02-03T20:22:52Z,hold
INTC,positive,-60.451441275583015,2025-01-13T08:30:52Z,hold
INTC,positive,-60.451441275583015,2025-01-23T09:31:00Z,hold
INTC,negative,-60.451441275583015,2025-01-22T17:07:13Z,sell
INTC,positive,-60.451441275583015,2025-01-23T08:46:50Z,hold
INTC,positive,-60.451441275583015,2025-02-03T08:34:59Z,hold
INTC,positive,-60.451441275583015,2025-02-03T08:35:01Z,hold
INTC,positive,-60.451441275583015,2025-02-03T07:50:58Z,hold
INTC,positive,-60.451441275583015,2025-01-19T14:19:40Z,hold
INTC,positive,-60.451441275583015,2025-01-24T08:47:11Z,hold
INTC,neutral,-60.451441275583015,2025-01-23T09:31:00Z,hold
INTC,positive,-60.451441275583015,2025-02-07T08:54:20Z,hold
INTC,negative,-60.451441275583015,2025-01-20T08:47:01Z,sell
INTC,positive,-60.451441275583015,2025-01-20T09:30:43Z,hold
INTC,neutral,-60.451441275583015,2025-01-17T14:31:05Z,hold
INTC,positive,-60.451441275583015,2025-02-05T01:12:19Z,hold
INTC,positive,-60.451441275583015,2025-01-09T10:01:04Z,hold
INTC,positive,-60.451441275583015,2025-01-17T11:00:47Z,hold
INTC,positive,-60.451441275583015,2025-01-24T10:50:56Z,hold
INTC,positive,-60.451441275583015,2025-01-30T07:32:47Z,hold
INTC,positive,-60.451441275583015,2025-01-10T10:02:42Z,hold
INTC,positive,-60.451441275583015,2025-01-15T06:10:57Z,hold
INTC,positive,-60.451441275583015,2025-01-24T10:50:56Z,hold
INTC,negative,-60.451441275583015,2025-01-28T12:21:48Z,sell
INTC,positive,-60.451441275583015,2025-01-23T09:31:00Z,hold
INTC,positive,-60.451441275583015,2025-01-14T09:06:55Z,hold
INTC,positive,-60.451441275583015,2025-01-23T09:31:00Z,hold
INTC,positive,-60.451441275583015,2025-01-23T09:31:00Z,hold
INTC,positive,-60.451441275583015,2025-01-31T07:31:04Z,hold
INTC,positive,-60.451441275583015,2025-01-17T19:02:21Z,hold
INTC,positive,-60.451441275583015,2025-01-26T07:49:05Z,hold
INTC,positive,-60.451441275583015,2025-01-10T08:41:01Z,hold
INTC,negative,-60.451441275583015,2025-01-28T15:05:49Z,sell
INTC,positive,-60.451441275583015,2025-02-05T12:50:04Z,hold
INTC,neutral,-60.451441275583015,2025-01-17T08:08:56Z,hold
INTC,neutral,-60.451441275583015,2025-01-29T08:09:01Z,hold
INTC,positive,-60.451441275583015,2025-01-10T09:14:54Z,hold
INTC,positive,-60.451441275583015,2025-01-13T09:23:01Z,hold
INTC,positive,-60.451441275583015,2025-01-15T18:52:59Z,hold
INTC,negative,-60.451441275583015,2025-01-19T11:14:54Z,sell
INTC,positive,-60.451441275583015,2025-02-04T08:54:57Z,hold
INTC,positive,-60.451441275583015,2025-01-30T09:05:16Z,hold
INTC,positive,-60.451441275583015,2025-01-19T08:43:09Z,hold
INTC,positive,-60.451441275583015,2025-01-23T09:31:00Z,hold
INTC,positive,-60.451441275583015,2025-01-24T09:23:11Z,hold
INTC,positive,-60.451441275583015,2025-01-16T08:39:13Z,hold
INTC,positive,-60.451441275583015,2025-01-15T17:50:40Z,hold
INTC,neutral,-60.451441275583015,2025-01-31T02:40:00Z,hold
AMD,negative,-22.863909094004057,2025-01-10T16:00:38Z,sell
AMD,positive,-22.863909094004057,2025-01-08T10:33:16Z,hold
AMD,negative,-22.863909094004057,2025-02-06T15:21:00Z,sell
AMD,negative,-22.863909094004057,2025-02-04T21:19:20Z,sell
AMD,negative,-22.863909094004057,2025-02-03T20:51:00Z,sell
AMD,negative,-22.863909094004057,2025-01-09T06:41:27Z,sell
AMD,positive,-22.863909094004057,2025-01-30T14:15:04Z,hold
AMD,positive,-22.863909094004057,2025-01-29T13:20:29Z,hold
AMD,positive,-22.863909094004057,2025-01-09T14:30:19Z,hold
AMD,positive,-22.863909094004057,2025-01-09T14:00:00Z,hold
AMD,positive,-22.863909094004057,2025-01-23T14:35:41Z,hold
AMD,negative,-22.863909094004057,2025-01-20T08:34:00Z,sell
AMD,positive,-22.863909094004057,2025-01-08T00:02:00Z,hold
AMD,neutral,-22.863909094004057,2025-02-03T17:59:13Z,hold
AMD,positive,-22.863909094004057,2025-01-08T13:59:52Z,hold
AMD,positive,-22.863909094004057,2025-01-08T00:20:45Z,hold
AMD,negative,-22.863909094004057,2025-02-03T12:12:29Z,sell
AMD,positive,-22.863909094004057,2025-01-10T22:03:02Z,hold
AMD,positive,-22.863909094004057,2025-01-10T16:50:00Z,hold
AMD,negative,-22.863909094004057,2025-01-20T19:31:03Z,sell
AMD,positive,-22.863909094004057,2025-01-15T14:00:07Z,hold
AMD,positive,-22.863909094004057,2025-01-18T13:00:00Z,hold
AMD,positive,-22.863909094004057,2025-01-17T15:50:04Z,hold
AMD,positive,-22.863909094004057,2025-02-05T16:10:05Z,hold
AMD,positive,-22.863909094004057,2025-01-21T13:44:16Z,hold
AMD,positive,-22.863909094004057,2025-02-04T09:42:46Z,hold
AMD,positive,-22.863909094004057,2025-01-25T23:00:31Z,hold
AMD,negative,-22.863909094004057,2025-01-15T23:22:18Z,sell
AMD,positive,-22.863909094004057,2025-02-01T15:54:19Z,hold
AMD,positive,-22.863909094004057,2025-01-18T12:28:53Z,hold
AMD,positive,-22.863909094004057,2025-01-09T13:17:09Z,hold
AMD,positive,-22.863909094004057,2025-01-23T14:11:43Z,hold
AMD,positive,-22.863909094004057,2025-02-04T15:48:34Z,hold
AMD,positive,-22.863909094004057,2025-01-16T17:58:40Z,hold
AMD,positive,-22.863909094004057,2025-01-29T20:10:55Z,hold
AMD,negative,-22.863909094004057,2025-01-10T21:27:31Z,sell
AMD,positive,-22.863909094004057,2025-01-13T13:51:58Z,hold
AMD,positive,-22.863909094004057,2025-01-08T15:26:06Z,hold
AMD,negative,-22.863909094004057,2025-02-03T22:53:10Z,sell
AMD,positive,-22.863909094004057,2025-01-09T14:49:00Z,hold
AMD,positive,-22.863909094004057,2025-01-09T12:03:44Z,hold
AMD,positive,-22.863909094004057,2025-01-25T22:00:33Z,hold
AMD,neutral,-22.863909094004057,2025-02-06T14:00:32Z,hold
AMD,positive,-22.863909094004057,2025-01-14T13:00:00Z,hold
AMD,positive,-22.863909094004057,2025-01-28T22:14:41Z,hold
AMD,positive,-22.863909094004057,2025-01-31T11:30:48Z,hold
AMD,negative,-22.863909094004057,2025-01-27T21:00:11Z,sell
AMD,positive,-22.863909094004057,2025-02-07T15:00:51Z,hold
AMD,positive,-22.863909094004057,2025-02-04T14:00:00Z,hold
AMD,positive,-22.863909094004057,2025-01-13T01:07:00Z,hold
AMD,positive,-22.863909094004057,2025-01-21T19:38:14Z,hold
AMD,positive,-22.863909094004057,2025-02-05T14:40:14Z,hold
AMD,neutral,-22.863909094004057,2025-01-09T17:40:32Z,hold
AMD,negative,-22.863909094004057,2025-01-09T20:00:00Z,sell
AMD,positive,-22.863909094004057,2025-02-06T02:00:17Z,hold
AMD,negative,-22.863909094004057,2025-02-04T23:03:39Z,sell
AMD,positive,-22.863909094004057,2025-01-10T21:12:12Z,hold
AMD,positive,-22.863909094004057,2025-01-08T08:24:08Z,hold
AMD,positive,-22.863909094004057,2025-01-29T23:18:24Z,hold
AMD,positive,-22.863909094004057,2025-01-23T18:28:00Z,hold
AMD,neutral,-22.863909094004057,2025-01-22T21:45:43Z,hold
AMD,positive,-22.863909094004057,2025-01-29T17:04:13Z,hold
AMD,positive,-22.863909094004057,2025-02-05T12:59:54Z,hold
AMD,positive,-22.863909094004057,2025-01-25T21:45:27Z,hold
AMD,negative,-22.863909094004057,2025-01-27T15:48:04Z,sell
AMD,negative,-22.863909094004057,2025-02-01T23:00:16Z,sell
AMD,negative,-22.863909094004057,2025-02-04T23:30:46Z,sell
AMD,positive,-22.863909094004057,2025-01-23T07:19:08Z,hold
AMD,negative,-22.863909094004057,2025-01-23T15:53:50Z,sell
AMD,positive,-22.863909094004057,2025-02-02T11:00:15Z,hold
AMD,negative,-22.863909094004057,2025-01-22T12:00:10Z,sell
AMD,positive,-22.863909094004057,2025-01-24T00:00:10Z,hold
AMD,positive,-22.863909094004057,2025-01-21T21:44:27Z,hold
AMD,positive,-22.863909094004057,2025-01-30T14:28:01Z,hold
AMD,positive,-22.863909094004057,2025-01-09T15:19:48Z,hold
AMD,positive,-22.863909094004057,2025-01-23T14:57:31Z,hold
AMD,positive,-22.863909094004057,2025-01-22T21:49:25Z,hold
AMD,positive,-22.863909094004057,2025-01-18T22:01:16Z,hold
AMD,positive,-22.863909094004057,2025-01-18T21:00:17Z,hold
AMD,positive,-22.863909094004057,2025-01-28T19:46:36Z,hold
AMD,positive,-22.863909094004057,2025-01-20T22:00:10Z,hold
AMD,positive,-22.863909094004057,2025-01-19T23:33:29Z,hold
AMD,positive,-22.863909094004057,2025-01-14T17:32:54Z,hold
AMD,positive,-22.863909094004057,2025-01-24T01:00:10Z,hold
AMD,negative,-22.863909094004057,2025-01-21T01:51:54Z,sell
AMD,neutral,-22.863909094004057,2025-01-10T20:15:14Z,hold
AMD,positive,-22.863909094004057,2025-01-23T22:56:47Z,hold
AMD,negative,-22.863909094004057,2025-01-10T17:00:00Z,sell
AMD,neutral,-22.863909094004057,2025-02-06T15:00:00Z,hold
AMD,positive,-22.863909094004057,2025-01-30T13:00:05Z,hold
AMD,positive,-22.863909094004057,2025-01-18T14:00:08Z,hold
AMD,positive,-22.863909094004057,2025-01-08T20:35:06Z,hold
AMD,positive,-22.863909094004057,2025-01-16T22:09:16Z,hold
AMD,positive,-22.863909094004057,2025-01-11T21:03:10Z,hold
AMD,positive,-22.863909094004057,2025-01-13T15:00:00Z,hold
AMD,positive,-22.863909094004057,2025-01-23T23:23:42Z,hold
